TabName,LinkName
Empty,About
Empty,Help
Empty,Contact
Empty,Apply for Benefits
Empty,View my Status
Empty,Access My Documents
Empty,Browse Benefits Links
Apply for Benefits,eLearning Center 
Apply for Benefits,Transfer Post 9/11 Education Benefits 
Apply for Benefits,Employment Search 
Apply for Benefits,Veterans On-Line Applications (VONAPP) 
Apply for Benefits,Search for a Representative 
Apply for Benefits,Benefits Explorer 
Apply for Benefits,VONAPP Direct Connect 
Apply for Benefits,Health Benefits Eligibility Check 
Apply for Benefits,Order Medical Equipment 
Apply for Benefits,FAST Track / Agent Orange 
Apply for Benefits,VA Home Loan Certificate of Eligibility 
Apply for Benefits,Specially Adapted Housing Grant Application & Claim Status 
View my Status,Appeal Status 
View my Status,Compensation & Pension Claim Status 
View my Status,VA Payment History 
View my Status,Specially Adapted Housing Grant Application & Claim Status 
View my Status,DoD TRICARE Health Insurance 
View my Status,Service Member Out-of-Pocket Medical Expenses (CCD) 
View my Status,Servicemembers' Group Life Insurance (SGLI) Status 
View my Status,Veterans' Group Life Insurance (VGLI) Status and Download 
View my Status,Service Member Civilian Employment Information 
View my Status,Service Member Personnel Information
Access My Documents,Download VA Letters 
Access My Documents,Request Official Military Personnel File 
Access My Documents,Request State Benefits 
Access My Documents,Veterans' Group Life Insurance (VGLI) Status and Download 
Access My Documents,Federal Individual Recovery Plan (FIRP) 
Access My Documents,Move!23 Health Questionnaire 
Browse Benefits Links,Benefits By State 
Browse Benefits Links,Compensation 
Browse Benefits Links,Death 
Browse Benefits Links,Education 
Browse Benefits Links,Employment 
Browse Benefits Links,Benefits Links Continued - For Testing 
Browse Benefits Links,Financial Services 
Browse Benefits Links,Health 
Browse Benefits Links,Housing 
Browse Benefits Links,Insurance 
Browse Benefits Links,Prescription Refill 
Browse Benefits Links,Rate Table 
Browse Benefits Links,Benefits Links Continued - For Testing 
Browse Benefits Links,Retirement 
Browse Benefits Links,Transition Assistance 
Browse Benefits Links,Travel & Transportation 
Browse Benefits Links,Vocational Rehabilitation 
Browse Benefits Links,Calculator 
Browse Benefits Links,Calendar 
